{"cameraMode":{"drawMode":0,"name":"Shaded","section":"Shading Mode"},"sceneLighting":false,"audioPlay":false,"sceneViewState":{"m_AlwaysRefresh":false,"showFog":true,"showSkybox":false,"showFlares":true,"showImageEffects":true,"showParticleSystems":true,"showVisualEffectGraphs":true,"m_FxEnabled":true},"in2DMode":false,"pivot":{"x":-0.1379244327545166,"y":-0.3710426092147827,"z":0.39538025856018069},"rotation":{"x":0.20404377579689027,"y":0.5689199566841126,"z":-0.14830301702022553,"w":0.7827514410018921},"size":1.1705000400543213,"orthographic":false}