{"cameraMode":{"drawMode":0,"name":"Shaded","section":"Shading Mode"},"sceneLighting":false,"audioPlay":false,"sceneViewState":{"m_AlwaysRefresh":false,"showFog":true,"showSkybox":false,"showFlares":true,"showImageEffects":true,"showParticleSystems":true,"showVisualEffectGraphs":true,"m_FxEnabled":true},"in2DMode":false,"pivot":{"x":-1.4318294525146485,"y":-2.8273823261260988,"z":-0.46700096130371096},"rotation":{"x":0.4524077773094177,"y":0.01070126798003912,"z":-0.005429157055914402,"w":0.8917298913002014},"size":5.701375961303711,"orthographic":false}